2025-04-28 14:51:58,User,What is the Study in India (SII) program?,"Hello! ğŸ˜Š The Study in India (SII) program is a flagship initiative by the Ministry of Education, Government of India. It was launched in 2018 to invite international students to pursue higher education in India's top institutions. ğŸŒğŸ“š

The program connects students with over 100+ top-ranked institutes and offers 2600+ courses across disciplines â€” from engineering and law to yoga and Ayurveda!

Would you like to know how to apply or explore courses available under SII?
 ğŸ‘‰ Yes, show me how to apply
 ğŸ‘‰ I want to browse courses
 ğŸ‘‰ No, continue"
2025-04-28 14:53:51,User,How do I apply for the SII program?,"To apply to Study in India, follow these steps:

1ï¸âƒ£ Visit [www.studyinindia.gov.in](https://www.studyinindia.gov.in)
2ï¸âƒ£ Register as a new user using your email ID
3ï¸âƒ£ Fill out your profile with academic and personal info
4ï¸âƒ£ Upload necessary documents (marksheets, passport, etc.)
5ï¸âƒ£ Choose and rank your course preferences
6ï¸âƒ£ Submit your application â€” thatâ€™s it! âœ…

You can track updates and offers through your dashboard after submission.

Need help with:
 ğŸ‘‰ What documents do I need?
 ğŸ‘‰ What happens after applying?
 ğŸ‘‰ I made a mistake. Can I fix it?
 ğŸ‘‰ Checklist before submitting?"
2025-04-28 14:54:19,User,Show partner institutes,"You can explore 100+ top-ranked institutes on the SII platform:

ğŸ« Includes IITs, NITs, Central and Private Universities
ğŸ“š Courses in Engineering, Management, Law, Humanities, Yoga & more
ğŸ” Use filters to search by course, city, or ranking

Would you like to:
 ğŸ‘‰ See only top-ranked institutes?
 ğŸ‘‰ Browse by course or city?
 ğŸ‘‰ Search based on your background?"
2025-04-28 14:55:09,User,Popular courses among international students,"Some of the most popular fields are:

âš™ï¸ Engineering & IT
ğŸ“ˆ Business & Management
âš–ï¸ Law
ğŸ§˜ Yoga & Ayurveda
ğŸ§ª Health & Allied Sciences

These courses are available across multiple institutes and cities.

ğŸ‘‰ Can I apply to more than one course?
ğŸ‘‰ Are these courses harder to get into due to demand?"
2025-04-28 15:02:46,User,What is the Study in India (SII) program?,"Hello! ğŸ˜Š The Study in India (SII) program is a flagship initiative by the Ministry of Education, Government of India. It was launched in 2018 to invite international students to pursue higher education in India's top institutions. ğŸŒğŸ“š

The program connects students with over 100+ top-ranked institutes and offers 2600+ courses across disciplines â€” from engineering and law to yoga and Ayurveda!

Would you like to know how to apply or explore courses available under SII?
 ğŸ‘‰ Yes, show me how to apply
 ğŸ‘‰ I want to browse courses
 ğŸ‘‰ No, continue"
2025-04-28 15:03:30,User,How do I apply for the SII program?,"To apply to Study in India, follow these steps:

1ï¸âƒ£ Visit [www.studyinindia.gov.in](https://www.studyinindia.gov.in)
2ï¸âƒ£ Register as a new user using your email ID
3ï¸âƒ£ Fill out your profile with academic and personal info
4ï¸âƒ£ Upload necessary documents (marksheets, passport, etc.)
5ï¸âƒ£ Choose and rank your course preferences
6ï¸âƒ£ Submit your application â€” thatâ€™s it! âœ…

You can track updates and offers through your dashboard after submission.

Need help with:
 ğŸ‘‰ What documents do I need?
 ğŸ‘‰ What happens after applying?
 ğŸ‘‰ I made a mistake. Can I fix it?
 ğŸ‘‰ Checklist before submitting?"
2025-04-28 15:04:46,User,Popular courses among international students,"Some of the most popular fields are:

âš™ï¸ Engineering & IT
ğŸ“ˆ Business & Management
âš–ï¸ Law
ğŸ§˜ Yoga & Ayurveda
ğŸ§ª Health & Allied Sciences

These courses are available across multiple institutes and cities.

ğŸ‘‰ Can I apply to more than one course?
ğŸ‘‰ Are these courses harder to get into due to demand?"
2025-04-28 15:09:54,User,How to fill out the application?,"Filling out your application is easy! ğŸ“ After logging into your dashboard, complete the 3 key sections:

- Basic Information â€“ DOB, nationality, contact info
- Academic Background â€“ education details, marksheets
- Course Preferences â€“ choose disciplines & upload documents

Finally, review and submit your application. âœ”ï¸

Would you like guidance on:
ğŸ‘‰ How to choose a course?
ğŸ‘‰ How many institutes can I apply to?
ğŸ‘‰ What file formats can I upload?"
2025-04-28 16:13:11,User,xyz,"Iâ€™m sorry, I didnâ€™t understand that ğŸ˜“. Could you please rephrase your question?"
2025-04-28 16:14:29,User,Am I eligible for a scholarship?,"Eligibility is based on:

ğŸ“š Academic performance (your marks in high school or college)
ğŸ“ Valid documents and complete application
ğŸŒ Country of origin (some quotas apply)
ğŸ“ Course or institute type

Would you like to:
 ğŸ‘‰ See what documents are required?
 ğŸ‘‰ Know how much score is needed?
 ğŸ‘‰ Check if you qualify with pending results?"
2025-04-28 16:16:43,User,Am I eligible for a scholarship?,"Eligibility is based on:

ğŸ“š Academic performance (your marks in high school or college)
ğŸ“ Valid documents and complete application
ğŸŒ Country of origin (some quotas apply)
ğŸ“ Course or institute type

Would you like to:
 ğŸ‘‰ See what documents are required?
 ğŸ‘‰ Know how much score is needed?
 ğŸ‘‰ Check if you qualify with pending results?"
2025-04-28 16:53:11,User,hi,Hello!ğŸ˜Š How can I assist you today?
2025-04-28 16:53:53,User,Hello,"Iâ€™m sorry, I didnâ€™t understand that ğŸ˜“. Could you please rephrase your question?"
2025-04-28 16:54:17,User,hello,Hi there!ğŸ˜Š How can I help?
2025-04-28 16:55:36,User,How do I apply for the SII program?,"To apply to Study in India, follow these steps:

1ï¸âƒ£ Visit [www.studyinindia.gov.in](https://www.studyinindia.gov.in)
2ï¸âƒ£ Register as a new user using your email ID
3ï¸âƒ£ Fill out your profile with academic and personal info
4ï¸âƒ£ Upload necessary documents (marksheets, passport, etc.)
5ï¸âƒ£ Choose and rank your course preferences
6ï¸âƒ£ Submit your application â€” thatâ€™s it! âœ…

You can track updates and offers through your dashboard after submission.

Need help with:
 ğŸ‘‰ What documents do I need?
 ğŸ‘‰ What happens after applying?
 ğŸ‘‰ I made a mistake. Can I fix it?
 ğŸ‘‰ Checklist before submitting?"
2025-04-28 20:34:27,User,hi,Hello!ğŸ˜Š How can I assist you today?
2025-04-28 21:02:42,User,hi,Hello!ğŸ˜Š How can I assist you today?
2025-04-28 21:02:55,User,Am I eligible for a scholarship?,"Eligibility is based on:

ğŸ“š Academic performance (your marks in high school or college)
ğŸ“ Valid documents and complete application
ğŸŒ Country of origin (some quotas apply)
ğŸ“ Course or institute type

Would you like to:
 ğŸ‘‰ See what documents are required?
 ğŸ‘‰ Know how much score is needed?
 ğŸ‘‰ Check if you qualify with pending results?"
2025-04-28 21:03:56,User,hi,Hello!ğŸ˜Š How can I assist you today?
2025-04-28 21:03:59,User,Am I eligible for a scholarship?,"Eligibility is based on:

ğŸ“š Academic performance (your marks in high school or college)
ğŸ“ Valid documents and complete application
ğŸŒ Country of origin (some quotas apply)
ğŸ“ Course or institute type

Would you like to:
 ğŸ‘‰ See what documents are required?
 ğŸ‘‰ Know how much score is needed?
 ğŸ‘‰ Check if you qualify with pending results?"
2025-04-28 23:36:22,User,hi,Hello!ğŸ˜Š How can I assist you today?
2025-04-28 23:51:45,User,hi,Hello!ğŸ˜Š How can I assist you today?
2025-04-28 23:54:42,User,hi,Hello!ğŸ˜Š How can I assist you today?
2025-04-28 23:54:48,User,seff,"Iâ€™m sorry, I didnâ€™t understand that ğŸ˜“. Could you please rephrase your question?"
2025-04-29 00:12:45,User,hi,Hello!ğŸ˜Š How can I assist you today?
2025-04-29 00:13:11,User,jbhbh,"Iâ€™m sorry, I didnâ€™t understand that ğŸ˜“. Could you please rephrase your question?"
2025-04-29 00:13:23,User,hi,Hello!ğŸ˜Š How can I assist you today?
2025-04-29 00:13:37,User,kj,"Iâ€™m sorry, I didnâ€™t understand that ğŸ˜“. Could you please rephrase your question?"
2025-04-29 00:13:40,User,jzknxjz,"Iâ€™m sorry, I didnâ€™t understand that ğŸ˜“. Could you please rephrase your question?"
2025-04-29 00:13:52,User,Skl,"Iâ€™m sorry, I didnâ€™t understand that ğŸ˜“. Could you please rephrase your question?"
2025-04-29 00:13:59,User,hi,Hello!ğŸ˜Š How can I assist you today?
2025-04-29 00:14:21,User,SJ,"Iâ€™m sorry, I didnâ€™t understand that ğŸ˜“. Could you please rephrase your question?"
2025-04-29 00:14:24,User,hi,Hello!ğŸ˜Š How can I assist you today?
2025-04-29 00:14:46,User,hi,Hello!ğŸ˜Š How can I assist you today?
2025-04-29 00:14:52,User,kj,"Iâ€™m sorry, I didnâ€™t understand that ğŸ˜“. Could you please rephrase your question?"
2025-04-29 00:15:34,User,hi,Hello!ğŸ˜Š How can I assist you today?
2025-04-29 00:15:39,User,ok,"Iâ€™m sorry, I didnâ€™t understand that ğŸ˜“. Could you please rephrase your question?"
2025-04-29 00:16:34,User,kn,"Iâ€™m sorry, I didnâ€™t understand that ğŸ˜“. Could you please rephrase your question?"
2025-04-29 00:17:37,User,kj,"Iâ€™m sorry, I didnâ€™t understand that ğŸ˜“. Could you please rephrase your question?"
2025-04-29 00:17:37,User,wjrjf,"Iâ€™m sorry, I didnâ€™t understand that ğŸ˜“. Could you please rephrase your question?"
2025-04-29 00:17:45,User,ok,"Iâ€™m sorry, I didnâ€™t understand that ğŸ˜“. Could you please rephrase your question?"
2025-04-29 00:18:34,User,kbj,"Iâ€™m sorry, I didnâ€™t understand that ğŸ˜“. Could you please rephrase your question?"
2025-04-29 00:19:07,User,kj,"Iâ€™m sorry, I didnâ€™t understand that ğŸ˜“. Could you please rephrase your question?"
2025-04-29 00:19:12,User,kjjk,"Iâ€™m sorry, I didnâ€™t understand that ğŸ˜“. Could you please rephrase your question?"
2025-04-29 00:19:17,User,kjjk,"Iâ€™m sorry, I didnâ€™t understand that ğŸ˜“. Could you please rephrase your question?"
2025-04-29 00:20:02,User,",jnjsdc","Iâ€™m sorry, I didnâ€™t understand that ğŸ˜“. Could you please rephrase your question?"
2025-04-29 00:20:05,User,alkdc,"Iâ€™m sorry, I didnâ€™t understand that ğŸ˜“. Could you please rephrase your question?"
2025-04-29 00:20:10,User,knad,"Iâ€™m sorry, I didnâ€™t understand that ğŸ˜“. Could you please rephrase your question?"
2025-04-29 09:42:30,User,hi,Hello!ğŸ˜Š How can I assist you today?
2025-04-29 09:42:40,User,Am I eligible for a scholarship?,"Eligibility is based on:

ğŸ“š Academic performance (your marks in high school or college)
ğŸ“ Valid documents and complete application
ğŸŒ Country of origin (some quotas apply)
ğŸ“ Course or institute type

Would you like to:
 ğŸ‘‰ See what documents are required?
 ğŸ‘‰ Know how much score is needed?
 ğŸ‘‰ Check if you qualify with pending results?"
2025-04-29 12:34:46,User,Show partner institutes,"You can explore 100+ top-ranked institutes on the SII platform:

ğŸ« Includes IITs, NITs, Central and Private Universities
ğŸ“š Courses in Engineering, Management, Law, Humanities, Yoga & more
ğŸ” Use filters to search by course, city, or ranking

Would you like to:
 ğŸ‘‰ See only top-ranked institutes?
 ğŸ‘‰ Browse by course or city?
 ğŸ‘‰ Search based on your background?"
2025-04-29 12:37:46,User,Top ranked institutes only,"Here are some of the most sought-after institutions:

ğŸ›ï¸ Indian Institutes of Technology (IITs)
ğŸ¢ National Institutes of Technology (NITs)
ğŸ“ Central Universities (e.g., University of Delhi, JNU)
ğŸ¯ NAAC A+ / NIRF-ranked private universities

Use the course search to apply directly to these.

ğŸ‘‰ Can I apply to more than one top institute?
ğŸ‘‰ What if I donâ€™t get selected by them?"
2025-04-29 12:40:34,User,Top ranked institutes only,"Here are some of the most sought-after institutions:

ğŸ›ï¸ Indian Institutes of Technology (IITs)
ğŸ¢ National Institutes of Technology (NITs)
ğŸ“ Central Universities (e.g., University of Delhi, JNU)
ğŸ¯ NAAC A+ / NIRF-ranked private universities

Use the course search to apply directly to these.

ğŸ‘‰ Can I apply to more than one top institute?
ğŸ‘‰ What if I donâ€™t get selected by them?"
2025-04-29 12:40:37,User,Top ranked institutes only,"Here are some of the most sought-after institutions:

ğŸ›ï¸ Indian Institutes of Technology (IITs)
ğŸ¢ National Institutes of Technology (NITs)
ğŸ“ Central Universities (e.g., University of Delhi, JNU)
ğŸ¯ NAAC A+ / NIRF-ranked private universities

Use the course search to apply directly to these.

ğŸ‘‰ Can I apply to more than one top institute?
ğŸ‘‰ What if I donâ€™t get selected by them?"
2025-04-29 12:49:37,User,Top ranked institutes only,"Here are some of the most sought-after institutions:

ğŸ›ï¸ Indian Institutes of Technology (IITs)
ğŸ¢ National Institutes of Technology (NITs)
ğŸ“ Central Universities (e.g., University of Delhi, JNU)
ğŸ¯ NAAC A+ / NIRF-ranked private universities

Use the course search to apply directly to these.

ğŸ‘‰ Can I apply to more than one top institute?
ğŸ‘‰ What if I donâ€™t get selected by them?"
2025-04-29 14:49:59,User,hi,Hello!ğŸ˜Š How can I assist you today?
2025-04-29 14:51:07,User,Top ranked institutes only,"Here are some of the most sought-after institutions:

ğŸ›ï¸ Indian Institutes of Technology (IITs)
ğŸ¢ National Institutes of Technology (NITs)
ğŸ“ Central Universities (e.g., University of Delhi, JNU)
ğŸ¯ NAAC A+ / NIRF-ranked private universities

Use the course search to apply directly to these.

ğŸ‘‰ Can I apply to more than one top institute?
ğŸ‘‰ What if I donâ€™t get selected by them?"
2025-04-29 14:51:50,User,registration,"Iâ€™m sorry, I didnâ€™t understand that ğŸ˜“. Could you please rephrase your question?"
2025-04-29 16:35:07,User,hi,Hello!ğŸ˜Š How can I assist you today?
2025-04-29 16:35:18,User,hello,Hi there!ğŸ˜Š How can I help?
2025-04-30 10:31:15,User,Hello,"Iâ€™m sorry, I didnâ€™t understand that ğŸ˜“. Could you please rephrase your question?"
2025-04-30 11:50:38,User,abc,"Iâ€™m sorry, I didnâ€™t understand that ğŸ˜“. Could you please rephrase your question?"
2025-04-30 12:02:04,User,A B SHETTY MEMORIAL INSTITUTE OF DENTAL SCIENCES,"Iâ€™m sorry, I didnâ€™t understand that ğŸ˜“. Could you please rephrase your question?"
2025-04-30 12:02:22,User,A B SHETTY MEMORIAL INSTITUTE OF DENTAL SCIENCES,"Iâ€™m sorry, I didnâ€™t understand that ğŸ˜“. Could you please rephrase your question?"
2025-04-30 12:02:57,User,A.D.M. COLLEGE FOR WOMEN,"Iâ€™m sorry, I didnâ€™t understand that ğŸ˜“. Could you please rephrase your question?"
2025-04-30 12:03:57,User,A.D.M. COLLEGE FOR WOMEN,pjamunadevi@gmail.com
2025-04-30 12:04:41,User,"ASSAM UNIVERSITY, SILCHAR",barunjyotichoudhury@gmail.com
2025-04-30 14:36:31,User,PRESIDENCY COLLEGE,sushmitha-r@presidency.edu.in
2025-04-30 14:37:02,User,"PRAVARA INSTITUTE OF MEDICAL SCIENCES, AHMEDNAGAR",int.coordinator@pmtpims.org
2025-04-30 14:37:49,User,hi,Hello!ğŸ˜Š How can I assist you today?
2025-04-30 14:38:18,User,Can I travel around India during my studies?,"Absolutely! ğŸ§³ Once youâ€™ve registered with FRRO, you're free to travel across India. But remember:

ğŸ“ If you're away from your registered address for more than 8 weeks, you must inform FRRO
ğŸ“ If you change cities, update your registered address

Always keep your passport and FRRO registration handy when travelling.

ğŸ‘‰ How do I update my address with FRRO?
ğŸ‘‰ Do I need permission to visit another city?"
2025-04-30 16:26:48,User,hi,Hello!ğŸ˜Š How can I assist you today?
2025-04-30 16:27:06,User,How do I apply for the SII program?,"To apply to Study in India, follow these steps:

1ï¸âƒ£ Visit [www.studyinindia.gov.in](https://www.studyinindia.gov.in)
2ï¸âƒ£ Register as a new user using your email ID
3ï¸âƒ£ Fill out your profile with academic and personal info
4ï¸âƒ£ Upload necessary documents (marksheets, passport, etc.)
5ï¸âƒ£ Choose and rank your course preferences
6ï¸âƒ£ Submit your application â€” thatâ€™s it! âœ…

You can track updates and offers through your dashboard after submission.

Need help with:
 ğŸ‘‰ What documents do I need?
 ğŸ‘‰ What happens after applying?
 ğŸ‘‰ I made a mistake. Can I fix it?
 ğŸ‘‰ Checklist before submitting?"
2025-04-30 20:34:52,User,hello,Hi there!ğŸ˜Š How can I help?
2025-04-30 20:34:57,User,wh,"Iâ€™m sorry, I didnâ€™t understand that ğŸ˜“. Could you please rephrase your question?"
2025-04-30 20:35:57,User,"class=""fixed bottom-4 right-4 z-50 w-[50vh] max-h-[100vh]  rounded-2xl shadow-xl react-draggable react-draggable-dragged""class=""fixed bottom-4 right-4 z-50 w-[50vh] max-h-[100vh]  rounded-2xl shadow-xl react-draggable react-draggable-dragged""class=""fixed bottom-4 right-4 z-50 w-[50vh] max-h-[100vh]  rounded-2xl shadow-xl react-draggable react-draggable-dragged""","Iâ€™m sorry, I didnâ€™t understand that ğŸ˜“. Could you please rephrase your question?"
2025-04-30 20:37:25,User,Thisisalongstringoftextwithnospaceswhichcanbehardtoreadandprocessespeciallywhenitisusedinscenarioswheretextparsingisrequiredfornaturalanguageprocessingoruserinterfacevalidationpurposes.,"Iâ€™m sorry, I didnâ€™t understand that ğŸ˜“. Could you please rephrase your question?"
2025-04-30 20:37:48,User,Thisisalongstringoftextwithnospaceswhichcanbehardtoreadandprocessespeciallywhenitisusedinscenarioswheretextparsingisrequiredfornaturalanguageprocessingoruserinterfacevalidationpurposes.,"Iâ€™m sorry, I didnâ€™t understand that ğŸ˜“. Could you please rephrase your question?"
2025-04-30 20:38:13,User,fixed bottom-4 right-4 z-50 w-[50vh] max-h-[100vh]  rounded-2xl shadow-xl react-draggable react-draggable-dragged,"Iâ€™m sorry, I didnâ€™t understand that ğŸ˜“. Could you please rephrase your question?"
2025-04-30 20:38:25,User,Thisisalongstringoftextwithnospaceswhichcanbehardtoreadandprocessespeciallywhenitisusedinscenarioswheretextparsingisrequiredfornaturalanguageprocessingoruserinterfacevalidationpurposes.,"Iâ€™m sorry, I didnâ€™t understand that ğŸ˜“. Could you please rephrase your question?"
2025-04-30 20:42:29,User,Thisisalongstringoftextwithnospaceswhichcanbehardtoreadandprocessespeciallywhenitisusedinscenarioswheretextparsingisrequiredfornaturalanguageprocessingoruserinterfacevalidationpurposes.,"Iâ€™m sorry, I didnâ€™t understand that ğŸ˜“. Could you please rephrase your question?"
2025-04-30 20:45:34,User,Thisisalongstringoftextwithnospaceswhichcanbehardtoreadandprocessespeciallywhenitisusedinscenarioswheretextparsingisrequiredfornaturalanguageprocessingoruserinterfacevalidationpurposes.,"Iâ€™m sorry, I didnâ€™t understand that ğŸ˜“. Could you please rephrase your question?"
2025-04-30 20:47:53,User,kh,"Iâ€™m sorry, I didnâ€™t understand that ğŸ˜“. Could you please rephrase your question?"
2025-05-01 12:00:04,User,aaaaaaaaaaaaaaaaaaaaaaaaaaaaaaaaaaaaaaaaaaaaaaaaaaaaaaaaaaaaaaaaaaaaaaaaaaaaaaaaaaaaaaaaaaaaaaaaaaaaaaaaaaaaaaaaaaaaaaaaaaaaaaaaaaaaaaaaaaaaaaaaaaaaaaaaaaaaaaaaaaaaaaaaaaaaaaaaaaaaaaaaaaaaaaaaaaaaaaaaaaaaaaaaaaaaaaaaaaaaaaaaaaaaa,"Iâ€™m sorry, I didnâ€™t understand that ğŸ˜“. Could you please rephrase your question?"
2025-05-01 12:04:18,User,JAWAHARLAL NEHRU TECHNOLOGICAL UNIVERSITY,"['dfaam@jntua.ac.in', 'prof.balaji.ece@gmail.com']"
2025-05-01 12:05:07,User,JAWAHARLAL NEHRU TECHNOLOGICAL UNIVERSITY,"['dfaam@jntua.ac.in', 'prof.balaji.ece@gmail.com']"
2025-05-02 09:52:11,User,hi,Hello!ğŸ˜Š How can I assist you today?
2025-05-02 09:52:22,User,abcd,"Error generating response: Error code: 401 - {'error': {'message': 'Incorrect API key provided: sk-12345*******************************5678. You can find your API key at https://platform.openai.com/account/api-keys.', 'type': 'invalid_request_error', 'param': None, 'code': 'invalid_api_key'}}"
2025-05-03 12:16:15,User,what documents do i need?,"You'll need to upload these documents while applying:

ğŸ“„ **Core Documents:**
- ğŸ“• Passport (or ID proof if passport is under process)
- ğŸ“˜ Marksheets (10th & 12th or equivalent)
- ğŸ“‘ Degree certificates (if applicable)
- ğŸ–¼ï¸ Passport-size photograph

ğŸ“Œ **Possible Extras:**
- ğŸŒ English proficiency test scores
- ğŸ“ Additional exam scorecards (if any)

âœ… **Requirements:**
- ğŸ“‚ PDF/JPG/PNG formats
- âš–ï¸ Under 2MB per file

ğŸ’¡ Tip: Check each institute's specific requirements on the SII Portal

Would you like to know:
 ğŸ‘‰ Can I upload my documents in my native language?
 ğŸ‘‰ Can I apply without a passport?
 ğŸ‘‰ Can I upload documents later?
 ğŸ‘‰ Accepted file types and size?
 ğŸ‘‰ Do I need a passport for registration?"
2025-05-03 12:16:31,User,what documents do i need,"Error generating response: Error code: 401 - {'error': {'message': 'Incorrect API key provided: sk-12345*******************************5678. You can find your API key at https://platform.openai.com/account/api-keys.', 'type': 'invalid_request_error', 'param': None, 'code': 'invalid_api_key'}}"
2025-05-03 12:21:31,User,hi,Hello!ğŸ˜Š How can I assist you today?
2025-05-03 12:21:45,User,hello,Hi there!ğŸ˜Š How can I help?
2025-05-03 12:34:07,User,"Yes, show me how to apply","Error generating response: Error code: 401 - {'error': {'message': 'Incorrect API key provided: sk-12345*******************************5678. You can find your API key at https://platform.openai.com/account/api-keys.', 'type': 'invalid_request_error', 'param': None, 'code': 'invalid_api_key'}}"
2025-05-03 12:34:41,User,I want to browse courses,"Error generating response: Error code: 401 - {'error': {'message': 'Incorrect API key provided: sk-12345*******************************5678. You can find your API key at https://platform.openai.com/account/api-keys.', 'type': 'invalid_request_error', 'param': None, 'code': 'invalid_api_key'}}"
2025-05-03 12:47:25,User,hi,Hello!ğŸ˜Š How can I assist you today?
2025-05-03 12:47:30,User,hi,Hello!ğŸ˜Š How can I assist you today?
2025-05-03 12:47:39,User,hi,Hello!ğŸ˜Š How can I assist you today?
2025-05-03 12:54:31,User,hi,Hello!ğŸ˜Š How can I assist you today?
2025-05-03 12:57:52,User,About SII Programme,"Hello! ğŸ˜Š The Study in India (SII) program is a flagship initiative by the Ministry of Education, Government of India. It was launched in 2018 to invite international students to pursue higher education in India's top institutions. ğŸŒğŸ“š

The program connects students with over 100+ top-ranked institutes and offers 2600+ courses across disciplines â€” from engineering and law to yoga and Ayurveda!

Would you like to know how to apply or explore courses available under SII?
 ğŸ‘‰ Yes, show me how to apply
 ğŸ‘‰ I want to browse courses
 ğŸ‘‰ No, continue"
2025-05-03 13:05:47,User,hi,Hello!ğŸ˜Š How can I assist you today?
2025-05-03 13:05:55,User,hi,Hello!ğŸ˜Š How can I assist you today?
2025-05-03 13:55:32,User,About SII Programme,"Hello! ğŸ˜Š The Study in India (SII) program is a flagship initiative by the Ministry of Education, Government of India. It was launched in 2018 to invite international students to pursue higher education in India's top institutions. ğŸŒğŸ“š

The program connects students with over 100+ top-ranked institutes and offers 2600+ courses across disciplines â€” from engineering and law to yoga and Ayurveda!

Would you like to know how to apply or explore courses available under SII?
 ğŸ‘‰ Yes, show me how to apply
 ğŸ‘‰ I want to browse courses
 ğŸ‘‰ No, continue"
2025-05-03 13:55:50,User,Send,"Error generating response: Error code: 401 - {'error': {'message': 'Incorrect API key provided: sk-12345*******************************5678. You can find your API key at https://platform.openai.com/account/api-keys.', 'type': 'invalid_request_error', 'param': None, 'code': 'invalid_api_key'}}"
2025-05-03 13:55:53,User,Send,"Error generating response: Error code: 401 - {'error': {'message': 'Incorrect API key provided: sk-12345*******************************5678. You can find your API key at https://platform.openai.com/account/api-keys.', 'type': 'invalid_request_error', 'param': None, 'code': 'invalid_api_key'}}"
2025-05-03 13:56:12,User,hi,Hello!ğŸ˜Š How can I assist you today?
2025-05-03 13:56:26,User,hello,Hi there!ğŸ˜Š How can I help?
2025-05-03 13:56:39,User,About SII Programme,"Hello! ğŸ˜Š The Study in India (SII) program is a flagship initiative by the Ministry of Education, Government of India. It was launched in 2018 to invite international students to pursue higher education in India's top institutions. ğŸŒğŸ“š

The program connects students with over 100+ top-ranked institutes and offers 2600+ courses across disciplines â€” from engineering and law to yoga and Ayurveda!

Would you like to know how to apply or explore courses available under SII?
 ğŸ‘‰ Yes, show me how to apply
 ğŸ‘‰ I want to browse courses
 ğŸ‘‰ No, continue"
2025-05-03 13:59:31,User,hi,Hello!ğŸ˜Š How can I assist you today?
2025-05-03 14:00:21,User,About SII Programme,"Hello! ğŸ˜Š The Study in India (SII) program is a flagship initiative by the Ministry of Education, Government of India. It was launched in 2018 to invite international students to pursue higher education in India's top institutions. ğŸŒğŸ“š

The program connects students with over 100+ top-ranked institutes and offers 2600+ courses across disciplines â€” from engineering and law to yoga and Ayurveda!

Would you like to know how to apply or explore courses available under SII?
 ğŸ‘‰ Yes, show me how to apply
 ğŸ‘‰ I want to browse courses
 ğŸ‘‰ No, continue"
2025-05-03 14:00:23,User,About SII Programme,"Hello! ğŸ˜Š The Study in India (SII) program is a flagship initiative by the Ministry of Education, Government of India. It was launched in 2018 to invite international students to pursue higher education in India's top institutions. ğŸŒğŸ“š

The program connects students with over 100+ top-ranked institutes and offers 2600+ courses across disciplines â€” from engineering and law to yoga and Ayurveda!

Would you like to know how to apply or explore courses available under SII?
 ğŸ‘‰ Yes, show me how to apply
 ğŸ‘‰ I want to browse courses
 ğŸ‘‰ No, continue"
2025-05-03 14:00:26,User,hello,Hi there!ğŸ˜Š How can I help?
2025-05-03 14:00:42,User,Can I apply without a passport?,"Yes, you can register and even complete most of your application without a passport.

ğŸ“Œ However, youâ€™ll need a valid passport to:
- Upload final documents
- Receive an offer letter
- Apply for a visa

â³ Make sure your passport is ready before the admission cycle ends.

ğŸ‘‰ Can I update my passport later in the dashboard?
ğŸ‘‰ Will not having a passport delay my scholarship eligibility?"
2025-05-03 14:03:18,User,About SII Programme,"Hello! ğŸ˜Š The Study in India (SII) program is a flagship initiative by the Ministry of Education, Government of India. It was launched in 2018 to invite international students to pursue higher education in India's top institutions. ğŸŒğŸ“š

The program connects students with over 100+ top-ranked institutes and offers 2600+ courses across disciplines â€” from engineering and law to yoga and Ayurveda!

Would you like to know how to apply or explore courses available under SII?
 ğŸ‘‰ Yes, show me how to apply
 ğŸ‘‰ I want to browse courses
 ğŸ‘‰ No, continue"
2025-05-03 14:17:44,User,About SII Programme,"Hello! ğŸ˜Š The Study in India (SII) program is a flagship initiative by the Ministry of Education, Government of India. It was launched in 2018 to invite international students to pursue higher education in India's top institutions. ğŸŒğŸ“š

The program connects students with over 100+ top-ranked institutes and offers 2600+ courses across disciplines â€” from engineering and law to yoga and Ayurveda!

Would you like to know how to apply or explore courses available under SII?
 ğŸ‘‰ Yes, show me how to apply
 ğŸ‘‰ I want to browse courses
 ğŸ‘‰ No, continue"
2025-05-03 14:17:49,User,How to Apply,"Error generating response: Error code: 401 - {'error': {'message': 'Incorrect API key provided: sk-12345*******************************5678. You can find your API key at https://platform.openai.com/account/api-keys.', 'type': 'invalid_request_error', 'param': None, 'code': 'invalid_api_key'}}"
2025-05-03 14:18:22,User,About SII Programme,"Hello! ğŸ˜Š The Study in India (SII) program is a flagship initiative by the Ministry of Education, Government of India. It was launched in 2018 to invite international students to pursue higher education in India's top institutions. ğŸŒğŸ“š

The program connects students with over 100+ top-ranked institutes and offers 2600+ courses across disciplines â€” from engineering and law to yoga and Ayurveda!

Would you like to know how to apply or explore courses available under SII?
 ğŸ‘‰ Yes, show me how to apply
 ğŸ‘‰ I want to browse courses
 ğŸ‘‰ No, continue"
2025-05-03 14:18:29,User,How to Apply,"Error generating response: Error code: 401 - {'error': {'message': 'Incorrect API key provided: sk-12345*******************************5678. You can find your API key at https://platform.openai.com/account/api-keys.', 'type': 'invalid_request_error', 'param': None, 'code': 'invalid_api_key'}}"
2025-05-03 14:18:31,User,Visa,"Error generating response: Error code: 401 - {'error': {'message': 'Incorrect API key provided: sk-12345*******************************5678. You can find your API key at https://platform.openai.com/account/api-keys.', 'type': 'invalid_request_error', 'param': None, 'code': 'invalid_api_key'}}"
2025-05-03 14:21:17,User,How to Apply,"Error generating response: Error code: 401 - {'error': {'message': 'Incorrect API key provided: sk-12345*******************************5678. You can find your API key at https://platform.openai.com/account/api-keys.', 'type': 'invalid_request_error', 'param': None, 'code': 'invalid_api_key'}}"
2025-05-03 14:21:23,User,About SII Programme,"Hello! ğŸ˜Š The Study in India (SII) program is a flagship initiative by the Ministry of Education, Government of India. It was launched in 2018 to invite international students to pursue higher education in India's top institutions. ğŸŒğŸ“š

The program connects students with over 100+ top-ranked institutes and offers 2600+ courses across disciplines â€” from engineering and law to yoga and Ayurveda!

Would you like to know how to apply or explore courses available under SII?
 ğŸ‘‰ Yes, show me how to apply
 ğŸ‘‰ I want to browse courses
 ğŸ‘‰ No, continue"
2025-05-03 14:23:34,User,How to Apply,"Error generating response: Error code: 401 - {'error': {'message': 'Incorrect API key provided: sk-12345*******************************5678. You can find your API key at https://platform.openai.com/account/api-keys.', 'type': 'invalid_request_error', 'param': None, 'code': 'invalid_api_key'}}"
2025-05-03 14:23:34,User,How to Apply,"Error generating response: Error code: 401 - {'error': {'message': 'Incorrect API key provided: sk-12345*******************************5678. You can find your API key at https://platform.openai.com/account/api-keys.', 'type': 'invalid_request_error', 'param': None, 'code': 'invalid_api_key'}}"
2025-05-03 14:23:38,User,About SII Programme,"Hello! ğŸ˜Š The Study in India (SII) program is a flagship initiative by the Ministry of Education, Government of India. It was launched in 2018 to invite international students to pursue higher education in India's top institutions. ğŸŒğŸ“š

The program connects students with over 100+ top-ranked institutes and offers 2600+ courses across disciplines â€” from engineering and law to yoga and Ayurveda!

Would you like to know how to apply or explore courses available under SII?
 ğŸ‘‰ Yes, show me how to apply
 ğŸ‘‰ I want to browse courses
 ğŸ‘‰ No, continue"
2025-05-03 14:23:40,User,How to Apply,"Error generating response: Error code: 401 - {'error': {'message': 'Incorrect API key provided: sk-12345*******************************5678. You can find your API key at https://platform.openai.com/account/api-keys.', 'type': 'invalid_request_error', 'param': None, 'code': 'invalid_api_key'}}"
2025-05-03 14:23:43,User,About SII Programme,"Hello! ğŸ˜Š The Study in India (SII) program is a flagship initiative by the Ministry of Education, Government of India. It was launched in 2018 to invite international students to pursue higher education in India's top institutions. ğŸŒğŸ“š

The program connects students with over 100+ top-ranked institutes and offers 2600+ courses across disciplines â€” from engineering and law to yoga and Ayurveda!

Would you like to know how to apply or explore courses available under SII?
 ğŸ‘‰ Yes, show me how to apply
 ğŸ‘‰ I want to browse courses
 ğŸ‘‰ No, continue"
2025-05-03 14:25:00,User,About SII Programme,"Hello! ğŸ˜Š The Study in India (SII) program is a flagship initiative by the Ministry of Education, Government of India. It was launched in 2018 to invite international students to pursue higher education in India's top institutions. ğŸŒğŸ“š

The program connects students with over 100+ top-ranked institutes and offers 2600+ courses across disciplines â€” from engineering and law to yoga and Ayurveda!

Would you like to know how to apply or explore courses available under SII?
 ğŸ‘‰ Yes, show me how to apply
 ğŸ‘‰ I want to browse courses
 ğŸ‘‰ No, continue"
2025-05-03 14:25:03,User,How to Apply,"Error generating response: Error code: 401 - {'error': {'message': 'Incorrect API key provided: sk-12345*******************************5678. You can find your API key at https://platform.openai.com/account/api-keys.', 'type': 'invalid_request_error', 'param': None, 'code': 'invalid_api_key'}}"
2025-05-03 14:25:05,User,Visa,"Error generating response: Error code: 401 - {'error': {'message': 'Incorrect API key provided: sk-12345*******************************5678. You can find your API key at https://platform.openai.com/account/api-keys.', 'type': 'invalid_request_error', 'param': None, 'code': 'invalid_api_key'}}"
2025-05-03 14:25:07,User,Documents Required,"Error generating response: Error code: 401 - {'error': {'message': 'Incorrect API key provided: sk-12345*******************************5678. You can find your API key at https://platform.openai.com/account/api-keys.', 'type': 'invalid_request_error', 'param': None, 'code': 'invalid_api_key'}}"
2025-05-03 14:25:10,User,Popular Courses,"Error generating response: Error code: 401 - {'error': {'message': 'Incorrect API key provided: sk-12345*******************************5678. You can find your API key at https://platform.openai.com/account/api-keys.', 'type': 'invalid_request_error', 'param': None, 'code': 'invalid_api_key'}}"
2025-05-03 14:25:28,User,About SII Programme,"Hello! ğŸ˜Š The Study in India (SII) program is a flagship initiative by the Ministry of Education, Government of India. It was launched in 2018 to invite international students to pursue higher education in India's top institutions. ğŸŒğŸ“š

The program connects students with over 100+ top-ranked institutes and offers 2600+ courses across disciplines â€” from engineering and law to yoga and Ayurveda!

Would you like to know how to apply or explore courses available under SII?
 ğŸ‘‰ Yes, show me how to apply
 ğŸ‘‰ I want to browse courses
 ğŸ‘‰ No, continue"
2025-05-03 14:25:33,User,How to Apply,"Error generating response: Error code: 401 - {'error': {'message': 'Incorrect API key provided: sk-12345*******************************5678. You can find your API key at https://platform.openai.com/account/api-keys.', 'type': 'invalid_request_error', 'param': None, 'code': 'invalid_api_key'}}"
2025-05-03 14:26:56,User,Documents Required,"Error generating response: Error code: 401 - {'error': {'message': 'Incorrect API key provided: sk-12345*******************************5678. You can find your API key at https://platform.openai.com/account/api-keys.', 'type': 'invalid_request_error', 'param': None, 'code': 'invalid_api_key'}}"
2025-05-03 14:27:01,User,Visa,"Error generating response: Error code: 401 - {'error': {'message': 'Incorrect API key provided: sk-12345*******************************5678. You can find your API key at https://platform.openai.com/account/api-keys.', 'type': 'invalid_request_error', 'param': None, 'code': 'invalid_api_key'}}"
2025-05-03 14:28:09,User,How to Apply,"To apply to Study in India, follow these steps:

1ï¸âƒ£ Visit [www.studyinindia.gov.in](https://www.studyinindia.gov.in)
2ï¸âƒ£ Register as a new user using your email ID
3ï¸âƒ£ Fill out your profile with academic and personal info
4ï¸âƒ£ Upload necessary documents (marksheets, passport, etc.)
5ï¸âƒ£ Choose and rank your course preferences
6ï¸âƒ£ Submit your application â€” thatâ€™s it! âœ…

You can track updates and offers through your dashboard after submission.

Need help with:
 ğŸ‘‰ What documents do I need?
 ğŸ‘‰ What happens after applying?
 ğŸ‘‰ I made a mistake. Can I fix it?
 ğŸ‘‰ Checklist before submitting?"
2025-05-03 14:28:12,User,Visa,"ğŸ›‚ Hereâ€™s how to apply for a student visa:

1ï¸âƒ£ Get an admission or offer letter from a Study in India partner institute
2ï¸âƒ£ Visit the visa portal: indianvisaonline.gov.in
3ï¸âƒ£ Fill out the visa application form and upload the required documents
4ï¸âƒ£ Submit your application at the nearest Indian embassy or consulate in your country
5ï¸âƒ£ Apply specifically for an S Visa (Student Visa)

ğŸ“Œ Your visa is issued only after your admission is confirmed.

Would you like help with:
ğŸ‘‰ What documents are required?
ğŸ‘‰ Where to find my nearest embassy?
ğŸ‘‰ What is the visa fee?"
2025-05-03 14:28:14,User,Documents Required,"You'll need to upload these documents while applying:

ğŸ“„ **Core Documents:**
- ğŸ“• Passport (or ID proof if passport is under process)
- ğŸ“˜ Marksheets (10th & 12th or equivalent)
- ğŸ“‘ Degree certificates (if applicable)
- ğŸ–¼ï¸ Passport-size photograph

ğŸ“Œ **Possible Extras:**
- ğŸŒ English proficiency test scores
- ğŸ“ Additional exam scorecards (if any)

âœ… **Requirements:**
- ğŸ“‚ PDF/JPG/PNG formats
- âš–ï¸ Under 2MB per file

ğŸ’¡ Tip: Check each institute's specific requirements on the SII Portal

Would you like to know:
 ğŸ‘‰ Can I upload my documents in my native language?
 ğŸ‘‰ Can I apply without a passport?
 ğŸ‘‰ Can I upload documents later?
 ğŸ‘‰ Accepted file types and size?
 ğŸ‘‰ Do I need a passport for registration?"
2025-05-03 14:28:18,User,Scholarship,"Study in India offers several types of financial support:

ğŸ“ Tuition fee waivers: 100%, 50%, or 25%
ğŸ’° Based on academic merit, scholarship exam scores, and country-specific quotas

Some institutes may also offer:
âœ… Accommodation support
âœ… Food and boarding discounts

Would you like to check:
 ğŸ‘‰ Am I eligible for a scholarship?
 ğŸ‘‰ How to apply for a scholarship?
 ğŸ‘‰ What costs are not covered?"
2025-05-03 14:28:20,User,Popular Courses,"Error generating response: Error code: 401 - {'error': {'message': 'Incorrect API key provided: sk-12345*******************************5678. You can find your API key at https://platform.openai.com/account/api-keys.', 'type': 'invalid_request_error', 'param': None, 'code': 'invalid_api_key'}}"
2025-05-03 14:28:22,User,Popular Courses,"Error generating response: Error code: 401 - {'error': {'message': 'Incorrect API key provided: sk-12345*******************************5678. You can find your API key at https://platform.openai.com/account/api-keys.', 'type': 'invalid_request_error', 'param': None, 'code': 'invalid_api_key'}}"
2025-05-03 14:28:24,User,How to Apply,"To apply to Study in India, follow these steps:

1ï¸âƒ£ Visit [www.studyinindia.gov.in](https://www.studyinindia.gov.in)
2ï¸âƒ£ Register as a new user using your email ID
3ï¸âƒ£ Fill out your profile with academic and personal info
4ï¸âƒ£ Upload necessary documents (marksheets, passport, etc.)
5ï¸âƒ£ Choose and rank your course preferences
6ï¸âƒ£ Submit your application â€” thatâ€™s it! âœ…

You can track updates and offers through your dashboard after submission.

Need help with:
 ğŸ‘‰ What documents do I need?
 ğŸ‘‰ What happens after applying?
 ğŸ‘‰ I made a mistake. Can I fix it?
 ğŸ‘‰ Checklist before submitting?"
2025-05-03 14:28:26,User,Scholarship,"Study in India offers several types of financial support:

ğŸ“ Tuition fee waivers: 100%, 50%, or 25%
ğŸ’° Based on academic merit, scholarship exam scores, and country-specific quotas

Some institutes may also offer:
âœ… Accommodation support
âœ… Food and boarding discounts

Would you like to check:
 ğŸ‘‰ Am I eligible for a scholarship?
 ğŸ‘‰ How to apply for a scholarship?
 ğŸ‘‰ What costs are not covered?"
2025-05-03 14:28:28,User,Documents Required,"You'll need to upload these documents while applying:

ğŸ“„ **Core Documents:**
- ğŸ“• Passport (or ID proof if passport is under process)
- ğŸ“˜ Marksheets (10th & 12th or equivalent)
- ğŸ“‘ Degree certificates (if applicable)
- ğŸ–¼ï¸ Passport-size photograph

ğŸ“Œ **Possible Extras:**
- ğŸŒ English proficiency test scores
- ğŸ“ Additional exam scorecards (if any)

âœ… **Requirements:**
- ğŸ“‚ PDF/JPG/PNG formats
- âš–ï¸ Under 2MB per file

ğŸ’¡ Tip: Check each institute's specific requirements on the SII Portal

Would you like to know:
 ğŸ‘‰ Can I upload my documents in my native language?
 ğŸ‘‰ Can I apply without a passport?
 ğŸ‘‰ Can I upload documents later?
 ğŸ‘‰ Accepted file types and size?
 ğŸ‘‰ Do I need a passport for registration?"
2025-05-03 14:29:46,User,Popular Courses,"Error generating response: Error code: 401 - {'error': {'message': 'Incorrect API key provided: sk-12345*******************************5678. You can find your API key at https://platform.openai.com/account/api-keys.', 'type': 'invalid_request_error', 'param': None, 'code': 'invalid_api_key'}}"
2025-05-03 14:29:53,User,Popular Courses,"Error generating response: Error code: 401 - {'error': {'message': 'Incorrect API key provided: sk-12345*******************************5678. You can find your API key at https://platform.openai.com/account/api-keys.', 'type': 'invalid_request_error', 'param': None, 'code': 'invalid_api_key'}}"
2025-05-03 14:30:36,User,Popular Courses,"Some of the most popular fields are:

âš™ï¸ Engineering & IT
ğŸ“ˆ Business & Management
âš–ï¸ Law
ğŸ§˜ Yoga & Ayurveda
ğŸ§ª Health & Allied Sciences

These courses are available across multiple institutes and cities.

ğŸ‘‰ Can I apply to more than one course?
ğŸ‘‰ Are these courses harder to get into due to demand?"
2025-05-03 14:31:53,User,Popular Courses,"Some of the most popular fields are:

âš™ï¸ Engineering & IT
ğŸ“ˆ Business & Management
âš–ï¸ Law
ğŸ§˜ Yoga & Ayurveda
ğŸ§ª Health & Allied Sciences

These courses are available across multiple institutes and cities.

ğŸ‘‰ Can I apply to more than one course?
ğŸ‘‰ Are these courses harder to get into due to demand?"
2025-05-03 14:33:06,User,Popular Courses,"Some of the most popular fields are:

âš™ï¸ Engineering & IT
ğŸ“ˆ Business & Management
âš–ï¸ Law
ğŸ§˜ Yoga & Ayurveda
ğŸ§ª Health & Allied Sciences

These courses are available across multiple institutes and cities.

ğŸ‘‰ Can I apply to more than one course?
ğŸ‘‰ Are these courses harder to get into due to demand?"
2025-05-03 14:37:17,Student,Popular Courses,"Some of the most popular fields are:

âš™ï¸ Engineering & IT
ğŸ“ˆ Business & Management
âš–ï¸ Law
ğŸ§˜ Yoga & Ayurveda
ğŸ§ª Health & Allied Sciences

These courses are available across multiple institutes and cities.

ğŸ‘‰ Can I apply to more than one course?
ğŸ‘‰ Are these courses harder to get into due to demand?"
2025-05-03 14:58:33,Student,Documents Required,"You'll need to upload these documents while applying:

ğŸ“„ **Core Documents:**
- ğŸ“• Passport (or ID proof if passport is under process)
- ğŸ“˜ Marksheets (10th & 12th or equivalent)
- ğŸ“‘ Degree certificates (if applicable)
- ğŸ–¼ï¸ Passport-size photograph

ğŸ“Œ **Possible Extras:**
- ğŸŒ English proficiency test scores
- ğŸ“ Additional exam scorecards (if any)

âœ… **Requirements:**
- ğŸ“‚ PDF/JPG/PNG formats
- âš–ï¸ Under 2MB per file

ğŸ’¡ Tip: Check each institute's specific requirements on the SII Portal

Would you like to know:
 ğŸ‘‰ Can I upload my documents in my native language?
 ğŸ‘‰ Can I apply without a passport?
 ğŸ‘‰ Can I upload documents later?
 ğŸ‘‰ Accepted file types and size?
 ğŸ‘‰ Do I need a passport for registration?"
2025-05-05 09:47:05,Student,About SII Programme,"Hello! ğŸ˜Š The Study in India (SII) program is a flagship initiative by the Ministry of Education, Government of India. It was launched in 2018 to invite international students to pursue higher education in India's top institutions. ğŸŒğŸ“š

The program connects students with over 100+ top-ranked institutes and offers 2600+ courses across disciplines â€” from engineering and law to yoga and Ayurveda!

Would you like to know how to apply or explore courses available under SII?
 ğŸ‘‰ Yes, show me how to apply
 ğŸ‘‰ I want to browse courses
 ğŸ‘‰ No, continue"
2025-05-05 09:47:20,Student,How to Apply,"To apply to Study in India, follow these steps:

1ï¸âƒ£ Visit [www.studyinindia.gov.in](https://www.studyinindia.gov.in)
2ï¸âƒ£ Register as a new user using your email ID
3ï¸âƒ£ Fill out your profile with academic and personal info
4ï¸âƒ£ Upload necessary documents (marksheets, passport, etc.)
5ï¸âƒ£ Choose and rank your course preferences
6ï¸âƒ£ Submit your application â€” thatâ€™s it! âœ…

You can track updates and offers through your dashboard after submission.

Need help with:
 ğŸ‘‰ What documents do I need?
 ğŸ‘‰ What happens after applying?
 ğŸ‘‰ I made a mistake. Can I fix it?
 ğŸ‘‰ Checklist before submitting?"
2025-05-05 09:47:29,Student,what documents do i need?,"You'll need to upload these documents while applying:

ğŸ“„ **Core Documents:**
- ğŸ“• Passport (or ID proof if passport is under process)
- ğŸ“˜ Marksheets (10th & 12th or equivalent)
- ğŸ“‘ Degree certificates (if applicable)
- ğŸ–¼ï¸ Passport-size photograph

ğŸ“Œ **Possible Extras:**
- ğŸŒ English proficiency test scores
- ğŸ“ Additional exam scorecards (if any)

âœ… **Requirements:**
- ğŸ“‚ PDF/JPG/PNG formats
- âš–ï¸ Under 2MB per file

ğŸ’¡ Tip: Check each institute's specific requirements on the SII Portal

Would you like to know:
 ğŸ‘‰ Can I upload my documents in my native language?
 ğŸ‘‰ Can I apply without a passport?
 ğŸ‘‰ Can I upload documents later?
 ğŸ‘‰ Accepted file types and size?
 ğŸ‘‰ Do I need a passport for registration?"
2025-05-05 09:47:45,Student,Visa,"ğŸ›‚ Hereâ€™s how to apply for a student visa:

1ï¸âƒ£ Get an admission or offer letter from a Study in India partner institute
2ï¸âƒ£ Visit the visa portal: indianvisaonline.gov.in
3ï¸âƒ£ Fill out the visa application form and upload the required documents
4ï¸âƒ£ Submit your application at the nearest Indian embassy or consulate in your country
5ï¸âƒ£ Apply specifically for an S Visa (Student Visa)

ğŸ“Œ Your visa is issued only after your admission is confirmed.

Would you like help with:
ğŸ‘‰ What documents are required?
ğŸ‘‰ Where to find my nearest embassy?
ğŸ‘‰ What is the visa fee?"
2025-05-05 09:48:08,Student,where to find my nearest embassy?,"Error generating response: Error code: 401 - {'error': {'message': 'Incorrect API key provided: sk-12345*******************************5678. You can find your API key at https://platform.openai.com/account/api-keys.', 'type': 'invalid_request_error', 'param': None, 'code': 'invalid_api_key'}}"
2025-05-05 09:48:23,Student,what is the visa fee?,"Error generating response: Error code: 401 - {'error': {'message': 'Incorrect API key provided: sk-12345*******************************5678. You can find your API key at https://platform.openai.com/account/api-keys.', 'type': 'invalid_request_error', 'param': None, 'code': 'invalid_api_key'}}"
2025-05-05 09:56:10,Student,About SII Programme,"Hello! ğŸ˜Š The Study in India (SII) program is a flagship initiative by the Ministry of Education, Government of India. It was launched in 2018 to invite international students to pursue higher education in India's top institutions. ğŸŒğŸ“š

The program connects students with over 100+ top-ranked institutes and offers 2600+ courses across disciplines â€” from engineering and law to yoga and Ayurveda!

Would you like to know how to apply or explore courses available under SII?
 ğŸ‘‰ Yes, show me how to apply
 ğŸ‘‰ I want to browse courses
 ğŸ‘‰ No, continue"
2025-05-05 11:58:50,Student,About SII Programme,"Hello! ğŸ˜Š The Study in India (SII) program is a flagship initiative by the Ministry of Education, Government of India. It was launched in 2018 to invite international students to pursue higher education in India's top institutions. ğŸŒğŸ“š

The program connects students with over 100+ top-ranked institutes and offers 2600+ courses across disciplines â€” from engineering and law to yoga and Ayurveda!

Would you like to know how to apply or explore courses available under SII?
 ğŸ‘‰ Yes, show me how to apply
 ğŸ‘‰ I want to browse courses
 ğŸ‘‰ No, continue"
2025-05-05 11:58:58,Student,How to Apply,"To apply to Study in India, follow these steps:

1ï¸âƒ£ Visit [www.studyinindia.gov.in](https://www.studyinindia.gov.in)
2ï¸âƒ£ Register as a new user using your email ID
3ï¸âƒ£ Fill out your profile with academic and personal info
4ï¸âƒ£ Upload necessary documents (marksheets, passport, etc.)
5ï¸âƒ£ Choose and rank your course preferences
6ï¸âƒ£ Submit your application â€” thatâ€™s it! âœ…

You can track updates and offers through your dashboard after submission.

Need help with:
 ğŸ‘‰ What documents do I need?
 ğŸ‘‰ What happens after applying?
 ğŸ‘‰ I made a mistake. Can I fix it?
 ğŸ‘‰ Checklist before submitting?"
2025-05-05 11:59:40,Student,Documents Required,"You'll need to upload these documents while applying:

ğŸ“„ **Core Documents:**
- ğŸ“• Passport (or ID proof if passport is under process)
- ğŸ“˜ Marksheets (10th & 12th or equivalent)
- ğŸ“‘ Degree certificates (if applicable)
- ğŸ–¼ï¸ Passport-size photograph

ğŸ“Œ **Possible Extras:**
- ğŸŒ English proficiency test scores
- ğŸ“ Additional exam scorecards (if any)

âœ… **Requirements:**
- ğŸ“‚ PDF/JPG/PNG formats
- âš–ï¸ Under 2MB per file

ğŸ’¡ Tip: Check each institute's specific requirements on the SII Portal

Would you like to know:
 ğŸ‘‰ Can I upload my documents in my native language?
 ğŸ‘‰ Can I apply without a passport?
 ğŸ‘‰ Can I upload documents later?
 ğŸ‘‰ Accepted file types and size?
 ğŸ‘‰ Do I need a passport for registration?"
2025-05-05 12:00:19,Student,Documents Required,"You'll need to upload these documents while applying:

ğŸ“„ **Core Documents:**
- ğŸ“• Passport (or ID proof if passport is under process)
- ğŸ“˜ Marksheets (10th & 12th or equivalent)
- ğŸ“‘ Degree certificates (if applicable)
- ğŸ–¼ï¸ Passport-size photograph

ğŸ“Œ **Possible Extras:**
- ğŸŒ English proficiency test scores
- ğŸ“ Additional exam scorecards (if any)

âœ… **Requirements:**
- ğŸ“‚ PDF/JPG/PNG formats
- âš–ï¸ Under 2MB per file

ğŸ’¡ Tip: Check each institute's specific requirements on the SII Portal

Would you like to know:
 ğŸ‘‰ Can I upload my documents in my native language?
 ğŸ‘‰ Can I apply without a passport?
 ğŸ‘‰ Can I upload documents later?
 ğŸ‘‰ Accepted file types and size?
 ğŸ‘‰ Do I need a passport for registration?"
2025-05-05 12:50:34,Student,Visa,"ğŸ›‚ Hereâ€™s how to apply for a student visa:

1ï¸âƒ£ Get an admission or offer letter from a Study in India partner institute
2ï¸âƒ£ Visit the visa portal: indianvisaonline.gov.in
3ï¸âƒ£ Fill out the visa application form and upload the required documents
4ï¸âƒ£ Submit your application at the nearest Indian embassy or consulate in your country
5ï¸âƒ£ Apply specifically for an S Visa (Student Visa)

ğŸ“Œ Your visa is issued only after your admission is confirmed.

Would you like help with:
ğŸ‘‰ What documents are required?
ğŸ‘‰ Where to find my nearest embassy?
ğŸ‘‰ What is the visa fee?"
2025-05-06 20:58:30,Student,Visa,"ğŸ›‚ Hereâ€™s how to apply for a student visa:

1ï¸âƒ£ Get an admission or offer letter from a Study in India partner institute
2ï¸âƒ£ Visit the visa portal: indianvisaonline.gov.in
3ï¸âƒ£ Fill out the visa application form and upload the required documents
4ï¸âƒ£ Submit your application at the nearest Indian embassy or consulate in your country
5ï¸âƒ£ Apply specifically for an S Visa (Student Visa)

ğŸ“Œ Your visa is issued only after your admission is confirmed.

Would you like help with:
ğŸ‘‰ What documents are required?
ğŸ‘‰ Where to find my nearest embassy?
ğŸ‘‰ What is the visa fee?"
2025-05-06 21:01:26,Student,About SII Programme,"Hello! ğŸ˜Š The Study in India (SII) program is a flagship initiative by the Ministry of Education, Government of India. It was launched in 2018 to invite international students to pursue higher education in India's top institutions. ğŸŒğŸ“š

The program connects students with over 100+ top-ranked institutes and offers 2600+ courses across disciplines â€” from engineering and law to yoga and Ayurveda!

Would you like to know how to apply or explore courses available under SII?
 ğŸ‘‰ Yes, show me how to apply
 ğŸ‘‰ I want to browse courses
 ğŸ‘‰ No, continue"
2025-05-06 21:01:57,Student,How to Apply,"To apply to Study in India, follow these steps:

1ï¸âƒ£ Visit [www.studyinindia.gov.in](https://www.studyinindia.gov.in)
2ï¸âƒ£ Register as a new user using your email ID
3ï¸âƒ£ Fill out your profile with academic and personal info
4ï¸âƒ£ Upload necessary documents (marksheets, passport, etc.)
5ï¸âƒ£ Choose and rank your course preferences
6ï¸âƒ£ Submit your application â€” thatâ€™s it! âœ…

You can track updates and offers through your dashboard after submission.

Need help with:
 ğŸ‘‰ What documents do I need?
 ğŸ‘‰ What happens after applying?
 ğŸ‘‰ I made a mistake. Can I fix it?
 ğŸ‘‰ Checklist before submitting?"
2025-05-06 21:02:00,Student,Documents Required,"You'll need to upload these documents while applying:

ğŸ“„ **Core Documents:**
- ğŸ“• Passport (or ID proof if passport is under process)
- ğŸ“˜ Marksheets (10th & 12th or equivalent)
- ğŸ“‘ Degree certificates (if applicable)
- ğŸ–¼ï¸ Passport-size photograph

ğŸ“Œ **Possible Extras:**
- ğŸŒ English proficiency test scores
- ğŸ“ Additional exam scorecards (if any)

âœ… **Requirements:**
- ğŸ“‚ PDF/JPG/PNG formats
- âš–ï¸ Under 2MB per file

ğŸ’¡ Tip: Check each institute's specific requirements on the SII Portal

Would you like to know:
 ğŸ‘‰ Can I upload my documents in my native language?
 ğŸ‘‰ Can I apply without a passport?
 ğŸ‘‰ Can I upload documents later?
 ğŸ‘‰ Accepted file types and size?
 ğŸ‘‰ Do I need a passport for registration?"
2025-05-06 21:02:03,Student,Visa,"ğŸ›‚ Hereâ€™s how to apply for a student visa:

1ï¸âƒ£ Get an admission or offer letter from a Study in India partner institute
2ï¸âƒ£ Visit the visa portal: indianvisaonline.gov.in
3ï¸âƒ£ Fill out the visa application form and upload the required documents
4ï¸âƒ£ Submit your application at the nearest Indian embassy or consulate in your country
5ï¸âƒ£ Apply specifically for an S Visa (Student Visa)

ğŸ“Œ Your visa is issued only after your admission is confirmed.

Would you like help with:
ğŸ‘‰ What documents are required?
ğŸ‘‰ Where to find my nearest embassy?
ğŸ‘‰ What is the visa fee?"
2025-05-06 21:02:05,Student,Popular Courses,"Some of the most popular fields are:

âš™ï¸ Engineering & IT
ğŸ“ˆ Business & Management
âš–ï¸ Law
ğŸ§˜ Yoga & Ayurveda
ğŸ§ª Health & Allied Sciences

These courses are available across multiple institutes and cities.

ğŸ‘‰ Can I apply to more than one course?
ğŸ‘‰ Are these courses harder to get into due to demand?"
2025-05-06 21:02:11,Student,Scholarship,"Study in India offers several types of financial support:

ğŸ“ Tuition fee waivers: 100%, 50%, or 25%
ğŸ’° Based on academic merit, scholarship exam scores, and country-specific quotas

Some institutes may also offer:
âœ… Accommodation support
âœ… Food and boarding discounts

Would you like to check:
 ğŸ‘‰ Am I eligible for a scholarship?
 ğŸ‘‰ How to apply for a scholarship?
 ğŸ‘‰ What costs are not covered?"
2025-05-06 21:02:47,Student,Am I eligible for a scholarship?,"Eligibility is based on:

ğŸ“š Academic performance (your marks in high school or college)
ğŸ“ Valid documents and complete application
ğŸŒ Country of origin (some quotas apply)
ğŸ“ Course or institute type

Would you like to:
 ğŸ‘‰ See what documents are required?
 ğŸ‘‰ Know how much score is needed?
 ğŸ‘‰ Check if you qualify with pending results?"
2025-05-06 21:02:57,Student,See what documents are required?,"Error generating response: Error code: 401 - {'error': {'message': 'Incorrect API key provided: sk-12345*******************************5678. You can find your API key at https://platform.openai.com/account/api-keys.', 'type': 'invalid_request_error', 'param': None, 'code': 'invalid_api_key'}}"
2025-05-06 21:03:20,Student,About SII Programme,"Hello! ğŸ˜Š The Study in India (SII) program is a flagship initiative by the Ministry of Education, Government of India. It was launched in 2018 to invite international students to pursue higher education in India's top institutions. ğŸŒğŸ“š

The program connects students with over 100+ top-ranked institutes and offers 2600+ courses across disciplines â€” from engineering and law to yoga and Ayurveda!

Would you like to know how to apply or explore courses available under SII?
 ğŸ‘‰ Yes, show me how to apply
 ğŸ‘‰ I want to browse courses
 ğŸ‘‰ No, continue"
